{
  "name": "Exp3: Dropout 0.5",
  "changed_param": "DROPOUT",
  "changed_value": "0.5",
  "best_g_loss": 1.8115129254426166,
  "final_d_loss": 1.0244646201467817,
  "final_g_loss": 1.844862969437982,
  "g_params": 6583939,
  "d_params": 2941505,
  "fid_glasses": 172.18678283691406,
  "fid_no_glasses": 156.07752990722656,
  "fid_average": 164.1321563720703
}