{
  "name": "Baseline",
  "changed_param": "None",
  "changed_value": "-",
  "best_g_loss": 1.9591868971563449,
  "final_d_loss": 0.9965981932202722,
  "final_g_loss": 2.0120853787394846,
  "g_params": 6583939,
  "d_params": 2941505,
  "fid_glasses": 155.50860595703125,
  "fid_no_glasses": 152.6344757080078,
  "fid_average": 154.07154083251953
}