{
  "name": "Exp2: Beta End 0.05",
  "changed_param": "BETA_END",
  "changed_value": "0.05",
  "best_loss": 0.00980641351093371,
  "final_loss": 0.012100284602731848,
  "params": 55518595,
  "fid_glasses": 86.2852554321289,
  "fid_no_glasses": 85.8123779296875,
  "fid_average": 86.0488166809082
}