{
  "name": "Exp2: Beta End 0.05",
  "changed_param": "BETA_END",
  "changed_value": "0.05",
  "best_loss": 0.00980641351093371,
  "final_loss": 0.012100284602731848,
  "params": 55518595,
  "ssim_glasses": 0.33597229421138763,
  "ssim_no_glasses": 0.3661710023880005,
  "ssim_average": 0.35107164829969406
}