{
  "name": "Exp5: LeakyReLU Gen",
  "changed_param": "G_ACTIVATION",
  "changed_value": "leakyrelu",
  "best_g_loss": 2.028430362415921,
  "final_d_loss": 0.8254900813862017,
  "final_g_loss": 2.638048484067249,
  "g_params": 6583939,
  "d_params": 2941505,
  "fid_glasses": 245.26658630371094,
  "fid_no_glasses": 225.44143676757812,
  "fid_average": 235.35401153564453
}