{
  "name": "Exp1: Latent Dim 32",
  "changed_param": "LATENT_DIM",
  "changed_value": "32",
  "final_loss": 0.12309882576298561,
  "best_loss": 0.12309882576298561,
  "params": 1743747,
  "ssim_glasses": 0.4768744260072708,
  "ssim_no_glasses": 0.4846411496400833,
  "ssim_average": 0.48075778782367706
}