{
  "name": "Exp1: Latent Dim 32",
  "changed_param": "LATENT_DIM",
  "changed_value": "32",
  "final_loss": 0.12432902391738952,
  "best_loss": 0.1236473935994373,
  "params": 2477123,
  "fid_glasses": 218.72413635253906,
  "fid_no_glasses": 241.3092498779297,
  "fid_average": 230.01669311523438
}