{
  "name": "Exp5: Bilinear Upsample",
  "changed_param": "USE_INTERP",
  "changed_value": "True",
  "final_loss": 0.09035007674602946,
  "best_loss": 0.08989958137653437,
  "params": 2710115,
  "fid_glasses": 210.79989624023438,
  "fid_no_glasses": 216.1981964111328,
  "fid_average": 213.4990463256836
}