{
  "name": "Exp2: No Label Smooth",
  "changed_param": "LABEL_SMOOTHING",
  "changed_value": "0.0",
  "best_g_loss": 1.9735730354952965,
  "final_d_loss": 0.9239702942265067,
  "final_g_loss": 2.0921963005308895,
  "g_params": 6583939,
  "d_params": 2941505,
  "fid_glasses": 165.2259063720703,
  "fid_no_glasses": 163.03790283203125,
  "fid_average": 164.13190460205078
}