{
  "name": "Exp3: Kernel 5",
  "changed_param": "CONV_KERNEL",
  "changed_value": "5",
  "final_loss": 0.08882147144929618,
  "best_loss": 0.08882147144929618,
  "params": 3613763,
  "ssim_glasses": 0.4494067579507828,
  "ssim_no_glasses": 0.4527563750743866,
  "ssim_average": 0.4510815665125847
}