{
  "name": "Exp3: Kernel 5",
  "changed_param": "CONV_KERNEL",
  "changed_value": "5",
  "final_loss": 0.08883931036967381,
  "best_loss": 0.08875146218735701,
  "params": 4347139,
  "fid_glasses": 171.80374145507812,
  "fid_no_glasses": 174.2004852294922,
  "fid_average": 173.00211334228516
}