{
  "name": "Exp4: Base Dim 32",
  "changed_param": "BASE_DIM",
  "changed_value": "32",
  "best_loss": 0.017348570823788833,
  "final_loss": 0.017348570823788833,
  "params": 13892291,
  "fid_glasses": 108.06273651123047,
  "fid_no_glasses": 107.04065704345703,
  "fid_average": 107.55169677734375
}