{
  "name": "Exp4: LR 1e-4",
  "changed_param": "LR_G / LR_D",
  "changed_value": "1e-4",
  "best_g_loss": 1.986466074445445,
  "final_d_loss": 0.927832808464196,
  "final_g_loss": 2.036197772451267,
  "g_params": 6583939,
  "d_params": 2941505,
  "fid_glasses": 179.41331481933594,
  "fid_no_glasses": 166.6368865966797,
  "fid_average": 173.0251007080078
}