{
  "name": "Baseline",
  "changed_param": "None",
  "changed_value": "-",
  "final_loss": 0.08917352215499635,
  "best_loss": 0.08904663824541553,
  "params": 2923587,
  "ssim_glasses": 0.45057040452957153,
  "ssim_no_glasses": 0.4611239731311798,
  "ssim_average": 0.45584718883037567
}