{
  "name": "Baseline",
  "changed_param": "None",
  "changed_value": "-",
  "final_loss": 0.08865817251858438,
  "best_loss": 0.08855155537462538,
  "params": 3656963,
  "fid_glasses": 169.55722045898438,
  "fid_no_glasses": 167.20144653320312,
  "fid_average": 168.37933349609375
}