{
  "name": "Exp1: D_Steps 3",
  "changed_param": "D_STEPS",
  "changed_value": "3",
  "best_g_loss": 4.1110072637059885,
  "final_d_loss": 0.52593067250434,
  "final_g_loss": 4.313963217340457,
  "g_params": 6583939,
  "d_params": 2941505,
  "fid_glasses": 134.82330322265625,
  "fid_no_glasses": 133.66555786132812,
  "fid_average": 134.2444305419922
}