{
  "name": "Exp3: LR 5e-4",
  "changed_param": "LR",
  "changed_value": "5e-4",
  "best_loss": 0.015320881272857197,
  "final_loss": 0.015778223330226656,
  "params": 55518595,
  "fid_glasses": 98.49798583984375,
  "fid_no_glasses": 103.21046447753906,
  "fid_average": 100.8542251586914
}