{
  "name": "Exp1: Timesteps 200",
  "changed_param": "TIMESTEPS",
  "changed_value": "200",
  "best_loss": 0.03330105852383452,
  "final_loss": 0.036256487087274976,
  "params": 55518595,
  "fid_glasses": 110.69223022460938,
  "fid_no_glasses": 180.4761962890625,
  "fid_average": 145.58421325683594
}