{
  "name": "Exp1: Timesteps 200",
  "changed_param": "TIMESTEPS",
  "changed_value": "200",
  "best_loss": 0.03330105852383452,
  "final_loss": 0.036256487087274976,
  "params": 55518595,
  "ssim_glasses": 0.3594301640987396,
  "ssim_no_glasses": 0.33185310661792755,
  "ssim_average": 0.3456416353583336
}