{
  "name": "Exp4: LeakyReLU",
  "changed_param": "ACTIVATION",
  "changed_value": "leakyrelu",
  "final_loss": 0.08904273248022529,
  "best_loss": 0.08904273248022529,
  "params": 3656963,
  "fid_glasses": 159.57830810546875,
  "fid_no_glasses": 156.99383544921875,
  "fid_average": 158.28607177734375
}