{
  "name": "Exp5: Res Blocks 1",
  "changed_param": "NUM_RES_BLOCKS",
  "changed_value": "1",
  "best_loss": 0.015937947671120174,
  "final_loss": 0.017064149927300137,
  "params": 38649155,
  "ssim_glasses": 0.3506656140089035,
  "ssim_no_glasses": 0.3544416278600693,
  "ssim_average": 0.3525536209344864
}