{
  "name": "Exp5: Res Blocks 1",
  "changed_param": "NUM_RES_BLOCKS",
  "changed_value": "1",
  "best_loss": 0.015937947671120174,
  "final_loss": 0.017064149927300137,
  "params": 38649155,
  "fid_glasses": 72.7921142578125,
  "fid_no_glasses": 85.60179138183594,
  "fid_average": 79.19695281982422
}