{
  "name": "Baseline",
  "changed_param": "None",
  "changed_value": "-",
  "best_loss": 0.015318296913905308,
  "final_loss": 0.016838932272572167,
  "params": 55518595,
  "fid_glasses": 166.75775146484375,
  "fid_no_glasses": 202.94607543945312,
  "fid_average": 184.85191345214844
}